{"stats":{"minecraft:killed_by":{"minecraft:skeleton":1},"minecraft:crafted":{"minecraft:crafting_table":1,"minecraft:oak_planks":4},"minecraft:picked_up":{"minecraft:oak_log":1,"minecraft:mutton":1,"minecraft:white_wool":1},"minecraft:mined":{"minecraft:oak_log":1},"minecraft:custom":{"minecraft:jump":122,"minecraft:leave_game":1,"minecraft:time_since_rest":107,"minecraft:walk_on_water_one_cm":331,"minecraft:deaths":2,"minecraft:damage_dealt":60,"minecraft:sprint_one_cm":12835,"minecraft:play_time":3110,"minecraft:damage_taken":490,"minecraft:time_since_death":56,"minecraft:walk_one_cm":5919,"minecraft:climb_one_cm":54,"minecraft:total_world_time":3110,"minecraft:mob_kills":1,"minecraft:fall_one_cm":10585,"minecraft:fly_one_cm":23300}},"DataVersion":3700}